"""""","""Entry.Number""","""date""","""Terminus(m)""","""Author"""
"""1""",0,1.95327397260274,0,"""Catania"""
"""2""",1,1.96474316939891,1545,"""Catania"""
"""3""",2,1.96957534246575,315,"""Catania"""
"""4""",3,1.97321369863014,1260,"""Howat"""
"""5""",4,1.97321369863014,1125,"""Black_Taryn"""
"""6""",5,1.97321643835616,930,"""Catania"""
"""7""",6,1.97521643835616,960,"""Catania"""
"""8""",7,1.97526575342466,735,"""Catania"""
"""9""",8,1.97526575342466,870,"""Black_Taryn"""
"""10""",9,1.97526575342466,630,"""Howat"""
"""11""",10,1.97624590163934,330,"""Black_Taryn"""
"""12""",11,1.97634153005464,1050,"""Howat"""
"""13""",12,1.97850136986301,1080,"""Korsgaard"""
"""14""",13,1.98228767123288,180,"""Catania"""
"""15""",14,1.9822904109589,330,"""Black_Taryn"""
"""16""",15,1.98535890410959,2295,"""Wood"""
"""17""",16,1.98535890410959,2280,"""Catania"""
"""18""",17,1.98535890410959,2280,"""Black_Taryn"""
"""19""",18,1.98535890410959,2265,"""Cheng"""
"""20""",19,1.98538356164384,2205,"""Bevan"""
"""21""",20,1.98540273972603,2070,"""Cheng"""
"""22""",21,1.98544657534247,2040,"""Catania"""
"""23""",22,1.98545205479452,690,"""Catania"""
"""24""",23,1.98546575342466,765,"""Catania"""
"""25""",24,1.98546575342466,840,"""Cheng"""
"""26""",25,1.98547123287671,750,"""Bevan"""
"""27""",26,1.98547397260274,780,"""Catania"""
"""28""",27,1.98549589041096,975,"""Catania"""
"""29""",28,1.98551506849315,1035,"""Bevan"""
"""30""",29,1.98551506849315,975,"""Catania"""
"""31""",30,1.98553424657534,990,"""Catania"""
"""32""",31,1.9855397260274,1020,"""Catania"""
"""33""",32,1.98555342465753,1065,"""Catania"""
"""34""",33,1.98555890410959,1080,"""Bevan"""
"""35""",34,1.98555890410959,1125,"""Catania"""
"""36""",35,1.98558356164384,1275,"""Howat"""
"""37""",36,1.98559726027397,1260,"""Catania"""
"""38""",37,1.98562191780822,1200,"""Catania"""
"""39""",38,1.98562739726027,330,"""Catania"""
"""40""",39,1.98564657534247,435,"""Bevan"""
"""41""",40,1.98566575342466,540,"""Wood"""
"""42""",41,1.98566575342466,525,"""Catania"""
"""43""",42,1.98567123287671,555,"""Catania"""
"""44""",43,1.98568493150685,585,"""Catania"""
"""45""",44,1.9856904109589,735,"""Catania"""
"""46""",45,1.9857095890411,780,"""Fahrner"""
"""47""",46,1.9857095890411,705,"""Catania"""
"""48""",47,1.98625479452055,105,"""Black_Taryn"""
"""49""",48,1.98632876712329,345,"""Catania"""
"""50""",49,1.98632876712329,390,"""Wood"""
"""51""",50,1.9864301369863,615,"""Catania"""
"""52""",51,1.98649863013699,-105,"""Catania"""
"""53""",52,1.98656712328767,405,"""Catania"""
"""54""",53,1.98665479452055,645,"""Catania"""
"""55""",54,1.98667945205479,615,"""Catania"""
"""56""",55,1.98667945205479,660,"""Wood"""
"""57""",56,1.98671780821918,285,"""Wood"""
"""58""",57,1.98671780821918,120,"""Catania"""
"""59""",58,1.98671780821918,255,"""Fahrner"""
"""60""",59,1.98726849315068,1710,"""Black_Taryn"""
"""61""",60,1.98726849315068,1695,"""Catania"""
"""62""",61,1.98728767123288,1860,"""Bevan"""
"""63""",62,1.98737534246575,1485,"""Wood"""
"""64""",63,1.98737534246575,1470,"""Bevan"""
"""65""",64,1.98748219178082,2325,"""Catania"""
"""66""",65,1.98748219178082,1095,"""Catania"""
"""67""",66,1.98748219178082,1860,"""Catania"""
"""68""",67,1.98761369863014,1290,"""Catania"""
"""69""",68,1.98764383561644,1470,"""Catania"""
"""70""",69,1.98766301369863,660,"""Catania"""
"""71""",70,1.98766301369863,855,"""Wood"""
"""72""",71,1.98768767123288,825,"""Catania"""
"""73""",72,1.98770136986301,975,"""Fahrner"""
"""74""",73,1.98770136986301,885,"""Catania"""
"""75""",74,1.98822677595628,570,"""Black_Taryn"""
"""76""",75,1.98825683060109,675,"""Wood"""
"""77""",76,1.98827595628415,855,"""Catania"""
"""78""",77,1.98829508196721,870,"""Bevan"""
"""79""",78,1.98829508196721,840,"""Cheng"""
"""80""",79,1.98833879781421,1020,"""Bevan"""
"""81""",80,1.98834426229508,1020,"""Catania"""
"""82""",81,1.98838797814208,1230,"""Catania"""
"""83""",82,1.98838797814208,1245,"""Cheng"""
"""84""",83,1.98848907103825,975,"""Catania"""
"""85""",84,1.98851912568306,1200,"""Catania"""
"""86""",85,1.9886693989071,1110,"""Catania"""
"""87""",86,1.98868852459016,1275,"""Fahrner"""
"""88""",87,1.98868852459016,1200,"""Catania"""
"""89""",88,1.98868852459016,1260,"""Wood"""
"""90""",89,1.98875136612022,1050,"""Catania"""
"""91""",90,1.98921369863014,390,"""Black_Taryn"""
"""92""",91,1.98921369863014,315,"""Bevan"""
"""93""",92,1.98926301369863,630,"""Wood"""
"""94""",93,1.98926849315068,600,"""Catania"""
"""95""",94,1.98930136986301,240,"""Bevan"""
"""96""",95,1.98930136986301,300,"""Catania"""
"""97""",96,1.98932054794521,405,"""Catania"""
"""98""",97,1.98936438356164,570,"""Catania"""
"""99""",98,1.98939452054795,660,"""Catania"""
"""100""",99,1.98948219178082,1065,"""Catania"""
"""101""",100,1.98950136986301,1185,"""Bevan"""
"""102""",101,1.98950136986301,1155,"""Catania"""
"""103""",102,1.98952054794521,1155,"""Catania"""
"""104""",103,1.9895397260274,1350,"""Catania"""
"""105""",104,1.98958904109589,1590,"""Catania"""
"""106""",105,1.98958904109589,1635,"""Bevan"""
"""107""",106,1.98961369863014,1800,"""Catania"""
"""108""",107,1.98963287671233,1380,"""Bevan"""
"""109""",108,1.98967671232877,1575,"""Bevan"""
"""110""",109,1.98970136986301,1785,"""Fahrner"""
"""111""",110,1.98970136986301,2295,"""Wood"""
"""112""",111,1.98971506849315,1965,"""Cheng"""
"""113""",112,1.98972054794521,870,"""Bevan"""
"""114""",113,1.9897397260274,795,"""Catania"""
"""115""",114,1.99019726027397,1305,"""Black_Taryn"""
"""116""",115,1.99020273972603,2295,"""Bevan"""
"""117""",116,1.99026575342466,1515,"""Bevan"""
"""118""",117,1.99027123287671,2310,"""Wood"""
"""119""",118,1.9902904109589,1860,"""Bevan"""
"""120""",119,1.9903095890411,1680,"""Bevan"""
"""121""",120,1.99031506849315,1785,"""Catania"""
"""122""",121,1.99032876712329,1860,"""Catania"""
"""123""",122,1.99037808219178,2415,"""Catania"""
"""124""",123,1.99037808219178,2310,"""Bevan"""
"""125""",124,1.99037808219178,2370,"""Cheng"""
"""126""",125,1.99044109589041,2250,"""Catania"""
"""127""",126,1.99044109589041,2265,"""Wood"""
"""128""",127,1.99044109589041,2340,"""Bevan"""
"""129""",128,1.9904602739726,2310,"""Catania"""
"""130""",129,1.99048493150685,1620,"""Catania"""
"""131""",130,1.99055342465753,1095,"""Catania"""
"""132""",131,1.99055342465753,855,"""Bevan"""
"""133""",132,1.99063561643836,360,"""ESA"""
"""134""",133,1.99063561643836,315,"""Catania"""
"""135""",134,1.99064109589041,375,"""Catania"""
"""136""",135,1.9906602739726,435,"""Bevan"""
"""137""",136,1.9907095890411,675,"""Wood"""
"""138""",137,1.9907095890411,750,"""Fahrner"""
"""139""",138,1.99118630136986,915,"""Black_Taryn"""
"""140""",139,1.99131780821918,1500,"""Bevan"""
"""141""",140,1.99136164383562,1755,"""Bevan"""
"""142""",141,1.99140547945205,2070,"""Bevan"""
"""143""",142,1.99144931506849,2385,"""Bevan"""
"""144""",143,1.99145479452055,2445,"""Cheng"""
"""145""",144,1.99145479452055,2520,"""Catania"""
"""146""",145,1.99149315068493,2700,"""Bevan"""
"""147""",146,1.99155616438356,2505,"""Wood"""
"""148""",147,1.99155616438356,2655,"""Catania"""
"""149""",148,1.9921693989071,945,"""Black_Taryn"""
"""150""",149,1.99221857923497,1155,"""Bevan"""
"""151""",150,1.99226229508197,1320,"""Bevan"""
"""152""",151,1.99239344262295,2325,"""Bevan"""
"""153""",152,1.99263661202186,1590,"""Wood"""
"""154""",153,1.99265846994536,1140,"""Carr"""
"""155""",154,1.99269398907104,1470,"""Fahrner"""
"""156""",155,1.99274316939891,1665,"""Bevan"""
"""157""",156,1.99318082191781,825,"""Black_Taryn"""
"""158""",157,1.99333150684931,1500,"""Bevan"""
"""159""",158,1.99341917808219,2040,"""Bevan"""
"""160""",159,1.99353150684932,2400,"""Wood"""
"""161""",160,1.99373150684932,1260,"""Fahrner"""
"""162""",161,1.99438904109589,2610,"""Catania"""
"""163""",162,1.99438904109589,2640,"""Black_Taryn"""
"""164""",163,1.99438904109589,2565,"""Cheng"""
"""165""",164,1.99449589041096,1380,"""Catania"""
"""166""",165,1.99456438356164,1590,"""Catania"""
"""167""",166,1.99456438356164,1545,"""Catania"""
"""168""",167,1.99456438356164,1605,"""Catania"""
"""169""",168,1.99464657534247,900,"""Catania"""
"""170""",169,1.99464657534247,840,"""Bevan"""
"""171""",170,1.99464657534247,900,"""Cheng"""
"""172""",171,1.99465205479452,495,"""Catania"""
"""173""",172,1.99465205479452,495,"""Wood"""
"""174""",173,1.99473424657534,570,"""Bevan"""
"""175""",174,1.99473424657534,555,"""Catania"""
"""176""",175,1.99473424657534,285,"""Fahrner"""
"""177""",176,1.99473424657534,285,"""ESA"""
"""178""",177,1.99501095890411,1320,"""Catania"""
"""179""",178,1.99527945205479,1545,"""Black_Taryn"""
"""180""",179,1.99571780821918,450,"""Fahrner"""
"""181""",180,1.99572328767123,420,"""Wood"""
"""182""",181,1.99576164383562,645,"""Black_Taryn"""
"""183""",182,1.99598356164384,495,"""ESA"""
"""184""",183,1.99646721311475,1215,"""Bevan"""
"""185""",184,1.99653005464481,885,"""Bevan"""
"""186""",185,1.99670491803279,540,"""Catania"""
"""187""",186,1.99724931506849,285,"""Black_Taryn"""
"""188""",187,1.99736164383562,465,"""Bevan"""
"""189""",188,1.99744931506849,735,"""Bevan"""
"""190""",189,1.99747397260274,960,"""Wood"""
"""191""",190,1.99775616438356,300,"""ESA"""
"""192""",191,1.99823835616438,2805,"""Black_Taryn"""
"""193""",192,1.99830684931507,1755,"""Catania"""
"""194""",193,1.99847671232877,810,"""Catania"""
"""195""",194,1.99848219178082,795,"""Bevan"""
"""196""",195,1.99848219178082,900,"""Catania"""
"""197""",196,1.99854520547945,345,"""Catania"""
"""198""",197,1.99854520547945,375,"""Wood"""
"""199""",198,1.9985698630137,165,"""Bevan"""
"""200""",199,1.99860821917808,-105,"""Catania"""
"""201""",200,1.99860821917808,-60,"""Cheng"""
"""202""",201,1.99865205479452,120,"""Catania"""
"""203""",202,1.99872054794521,450,"""Black_Taryn"""
"""204""",203,1.99872054794521,390,"""Catania"""
"""205""",204,1.99872054794521,450,"""ESA"""
"""206""",205,1.99872054794521,420,"""Cheng"""
"""207""",206,1.99872054794521,495,"""Fahrner"""
"""208""",207,1.99958082191781,540,"""Catania"""
"""209""",208,1.99964383561644,180,"""Catania"""
"""210""",209,1.99966301369863,255,"""Catania"""
"""211""",210,1.99966301369863,270,"""PROMICE"""
"""212""",211,1.99966301369863,255,"""ESA"""
"""213""",212,1.99971232876712,270,"""Catania"""
"""214""",213,1.9997698630137,480,"""Catania"""
"""215""",214,1.99981369863014,720,"""Catania"""
"""216""",215,1.99981369863014,750,"""Black_Taryn"""
"""217""",216,1.99981369863014,675,"""Wood"""
"""218""",217,2.00015027322404,465,"""Catania"""
"""219""",218,2.00015027322404,540,"""Cheng"""
"""220""",219,2.00023224043716,840,"""Catania"""
"""221""",220,2.00025136612022,975,"""Cheng"""
"""222""",221,2.00030054644809,1125,"""Catania"""
"""223""",222,2.00031967213115,1215,"""Catania"""
"""224""",223,2.00031967213115,1230,"""Bevan"""
"""225""",224,2.00033879781421,1305,"""Catania"""
"""226""",225,2.00036885245902,1455,"""Catania"""
"""227""",226,2.00045628415301,630,"""Murray"""
"""228""",227,2.00045628415301,645,"""Howat"""
"""229""",228,2.00045628415301,645,"""Catania"""
"""230""",229,2.00049453551913,780,"""Bevan"""
"""231""",230,2.00049453551913,840,"""Wood"""
"""232""",231,2.00057650273224,810,"""Catania"""
"""233""",232,2.00060109289617,780,"""Carr"""
"""234""",233,2.00060109289617,825,"""Cheng"""
"""235""",234,2.00060109289617,780,"""Catania"""
"""236""",235,2.00060109289617,765,"""Howat"""
"""237""",236,2.00065027322404,165,"""Howat"""
"""238""",237,2.00065027322404,210,"""Cheng"""
"""239""",238,2.00065027322404,180,"""Catania"""
"""240""",239,2.00069398907104,345,"""Cheng"""
"""241""",240,2.00069398907104,345,"""Fahrner"""
"""242""",241,2.00069398907104,315,"""ESA"""
"""243""",242,2.00089890710383,150,"""Moon_Twila"""
"""244""",243,2.0012,90,"""Catania"""
"""245""",244,2.00121369863014,180,"""Catania"""
"""246""",245,2.00121917808219,165,"""Catania"""
"""247""",246,2.00123835616438,255,"""Catania"""
"""248""",247,2.00124383561644,270,"""Catania"""
"""249""",248,2.00135068493151,465,"""Catania"""
"""250""",249,2.00137534246575,570,"""Catania"""
"""251""",250,2.00141369863014,750,"""Bevan"""
"""252""",251,2.00141369863014,750,"""Catania"""
"""253""",252,2.00143835616438,855,"""Catania"""
"""254""",253,2.00150136986301,780,"""Bevan"""
"""255""",254,2.00150136986301,795,"""Catania"""
"""256""",255,2.00150684931507,825,"""Catania"""
"""257""",256,2.00150684931507,810,"""Cheng"""
"""258""",257,2.00150684931507,840,"""Murray"""
"""259""",258,2.00152054794521,210,"""Catania"""
"""260""",259,2.00152054794521,210,"""Wood"""
"""261""",260,2.00152602739726,225,"""Catania"""
"""262""",261,2.0015698630137,420,"""Cheng"""
"""263""",262,2.0015698630137,420,"""Catania"""
"""264""",263,2.00158904109589,510,"""Catania"""
"""265""",264,2.00158904109589,495,"""Bevan"""
"""266""",265,2.00165753424658,180,"""Catania"""
"""267""",266,2.00172054794521,-45,"""PROMICE"""
"""268""",267,2.00172054794521,-30,"""Fahrner"""
"""269""",268,2.00172054794521,-45,"""Catania"""
"""270""",269,2.00176438356164,30,"""Catania"""
"""271""",270,2.00218356164384,525,"""Black_Taryn"""
"""272""",271,2.00218356164384,465,"""Catania"""
"""273""",272,2.00220821917808,585,"""Catania"""
"""274""",273,2.00220821917808,615,"""Murray"""
"""275""",274,2.00222191780822,660,"""Catania"""
"""276""",275,2.00224657534247,480,"""Catania"""
"""277""",276,2.00226575342466,495,"""Catania"""
"""278""",277,2.00227123287671,525,"""Catania"""
"""279""",278,2.00237808219178,495,"""Catania"""
"""280""",279,2.00240273972603,615,"""Catania"""
"""281""",280,2.00248493150685,270,"""Catania"""
"""282""",281,2.0024904109589,300,"""Cheng"""
"""283""",282,2.0025095890411,285,"""Catania"""
"""284""",283,2.0025095890411,315,"""Bevan"""
"""285""",284,2.00252876712329,420,"""Catania"""
"""286""",285,2.00255890410959,570,"""Murray"""
"""287""",286,2.00261643835616,645,"""Catania"""
"""288""",287,2.00262191780822,720,"""Cheng"""
"""289""",288,2.00262191780822,705,"""Catania"""
"""290""",289,2.00262191780822,675,"""Bevan"""
"""291""",290,2.00264109589041,690,"""Catania"""
"""292""",291,2.00264109589041,750,"""Wood"""
"""293""",292,2.00264109589041,660,"""Bevan"""
"""294""",293,2.00264657534247,735,"""ESA"""
"""295""",294,2.00264657534247,150,"""PROMICE"""
"""296""",295,2.00323561643836,630,"""Catania"""
"""297""",296,2.00323561643836,675,"""Black_Taryn"""
"""298""",297,2.00325479452055,405,"""Cheng"""
"""299""",298,2.00325479452055,360,"""Catania"""
"""300""",299,2.00327945205479,540,"""Catania"""
"""301""",300,2.00330410958904,105,"""Murray"""
"""302""",301,2.00339178082192,375,"""Murray"""
"""303""",302,2.00340547945205,330,"""Catania"""
"""304""",303,2.0035397260274,-30,"""ESA"""
"""305""",304,2.0036301369863,-150,"""Catania"""
"""306""",305,2.00371780821918,-120,"""Murray"""
"""307""",306,2.00371780821918,-105,"""Wood"""
"""308""",307,2.00371780821918,-105,"""PROMICE"""
"""309""",308,2.00371780821918,-120,"""Fahrner"""
"""310""",309,2.00371780821918,-120,"""Catania"""
"""311""",310,2.00419945355191,570,"""Black_Taryn"""
"""312""",311,2.00419945355191,525,"""Catania"""
"""313""",312,2.00424316939891,60,"""Catania"""
"""314""",313,2.0042868852459,285,"""Catania"""
"""315""",314,2.00431147540984,360,"""Catania"""
"""316""",315,2.00434972677596,450,"""Catania"""
"""317""",316,2.00435519125683,510,"""Catania"""
"""318""",317,2.00436885245902,585,"""Catania"""
"""319""",318,2.00436885245902,570,"""Cheng"""
"""320""",319,2.00437431693989,585,"""Catania"""
"""321""",320,2.00441256830601,720,"""Catania"""
"""322""",321,2.00443715846995,915,"""Bevan"""
"""323""",322,2.00443715846995,885,"""Catania"""
"""324""",323,2.00445628415301,2115,"""Cheng"""
"""325""",324,2.00445628415301,975,"""Catania"""
"""326""",325,2.00454918032787,255,"""Murray"""
"""327""",326,2.00454918032787,240,"""Catania"""
"""328""",327,2.00456830601093,330,"""Wood"""
"""329""",328,2.00456830601093,315,"""Catania"""
"""330""",329,2.00456830601093,315,"""Bevan"""
"""331""",330,2.00456830601093,360,"""Cheng"""
"""332""",331,2.0045737704918,345,"""Catania"""
"""333""",332,2.00459289617486,375,"""Catania"""
"""334""",333,2.0046174863388,105,"""Catania"""
"""335""",334,2.0046174863388,150,"""Murray"""
"""336""",335,2.00467486338798,0,"""Catania"""
"""337""",336,2.00468032786885,15,"""Catania"""
"""338""",337,2.00468852459016,-30,"""ESA"""
"""339""",338,2.00469945355191,-90,"""PROMICE"""
"""340""",339,2.00469945355191,-75,"""Catania"""
"""341""",340,2.00470491803279,-60,"""Catania"""
"""342""",341,2.00474863387978,150,"""Catania"""
"""343""",342,2.00474863387978,165,"""Cheng"""
"""344""",343,2.00524383561644,615,"""Catania"""
"""345""",344,2.00526849315068,705,"""Bevan"""
"""346""",345,2.00526849315068,690,"""Catania"""
"""347""",346,2.00526849315068,765,"""Black_Taryn"""
"""348""",347,2.00529315068493,495,"""Catania"""
"""349""",348,2.00531232876712,600,"""Catania"""
"""350""",349,2.00531232876712,615,"""Bevan"""
"""351""",350,2.00531232876712,660,"""Cheng"""
"""352""",351,2.00531780821918,1050,"""Cheng"""
"""353""",352,2.00531780821918,645,"""Catania"""
"""354""",353,2.00533150684931,645,"""Catania"""
"""355""",354,2.00536164383562,810,"""Murray"""
"""356""",355,2.00538082191781,825,"""Catania"""
"""357""",356,2.00541917808219,810,"""Catania"""
"""358""",357,2.00542465753425,285,"""Murray"""
"""359""",358,2.00542465753425,270,"""Catania"""
"""360""",359,2.00546301369863,480,"""Catania"""
"""361""",360,2.00546849315068,510,"""Catania"""
"""362""",361,2.00549315068493,270,"""Catania"""
"""363""",362,2.00551232876712,375,"""Catania"""
"""364""",363,2.00553698630137,480,"""Catania"""
"""365""",364,2.00555068493151,120,"""ESA"""
"""366""",365,2.00555068493151,270,"""Catania"""
"""367""",366,2.0056,180,"""Catania"""
"""368""",367,2.0056,210,"""Cheng"""
"""369""",368,2.0056,180,"""Murray"""
"""370""",369,2.00561917808219,270,"""Catania"""
"""371""",370,2.00562465753425,165,"""Catania"""
"""372""",371,2.00568767123288,-15,"""Cheng"""
"""373""",372,2.00568767123288,0,"""PROMICE"""
"""374""",373,2.00568767123288,-60,"""Catania"""
"""375""",374,2.00572602739726,45,"""Catania"""
"""376""",375,2.00572602739726,75,"""Fahrner"""
"""377""",376,2.00573150684931,90,"""Catania"""
"""378""",377,2.00573150684931,75,"""Wood"""
"""379""",378,2.0060904109589,240,"""Moon_Twila"""
"""380""",379,2.00623287671233,735,"""Catania"""
"""381""",380,2.00629589041096,945,"""Catania"""
"""382""",381,2.00632602739726,1125,"""Catania"""
"""383""",382,2.00638356164384,465,"""Catania"""
"""384""",383,2.00640821917808,600,"""Catania"""
"""385""",384,2.00642739726027,870,"""Catania"""
"""386""",385,2.00650136986301,420,"""Catania"""
"""387""",386,2.00651506849315,525,"""Catania"""
"""388""",387,2.00652054794521,120,"""Catania"""
"""389""",388,2.00656438356164,-30,"""Murray"""
"""390""",389,2.00656438356164,90,"""Catania"""
"""391""",390,2.00658356164384,-15,"""Bevan"""
"""392""",391,2.00658356164384,-15,"""Catania"""
"""393""",392,2.00658356164384,15,"""Wood"""
"""394""",393,2.00658904109589,30,"""Murray"""
"""395""",394,2.00658904109589,15,"""Catania"""
"""396""",395,2.00658904109589,75,"""Cheng"""
"""397""",396,2.00660547945205,-30,"""ESA"""
"""398""",397,2.00660821917808,75,"""Catania"""
"""399""",398,2.00660821917808,135,"""Cheng"""
"""400""",399,2.00669589041096,-300,"""Catania"""
"""401""",400,2.00669589041096,-270,"""PROMICE"""
"""402""",401,2.00671506849315,-150,"""Fahrner"""
"""403""",402,2.00671506849315,-195,"""Bevan"""
"""404""",403,2.00671506849315,-165,"""Catania"""
"""405""",404,2.00673424657534,-75,"""Catania"""
"""406""",405,2.0067397260274,-45,"""Cheng"""
"""407""",406,2.0067397260274,-30,"""Catania"""
"""408""",407,2.00698904109589,300,"""Catania"""
"""409""",408,2.00706849315069,-15,"""Catania"""
"""410""",409,2.00707671232877,495,"""Moon_Twila"""
"""411""",410,2.00722191780822,495,"""Catania"""
"""412""",411,2.0072602739726,705,"""Catania"""
"""413""",412,2.00726575342466,705,"""Catania"""
"""414""",413,2.00726575342466,1125,"""Bevan"""
"""415""",414,2.00726849315069,735,"""Bevan"""
"""416""",415,2.00727397260274,1020,"""Bevan"""
"""417""",416,2.00727671232877,825,"""Bevan"""
"""418""",417,2.00728219178082,735,"""Bevan"""
"""419""",418,2.0072904109589,810,"""Catania"""
"""420""",419,2.0072904109589,1005,"""Bevan"""
"""421""",420,2.00729863013699,900,"""Bevan"""
"""422""",421,2.0073095890411,900,"""Catania"""
"""423""",422,2.00731232876712,1080,"""Bevan"""
"""424""",423,2.00731780821918,1095,"""Bevan"""
"""425""",424,2.00732876712329,945,"""Bevan"""
"""426""",425,2.00733424657534,1035,"""Murray"""
"""427""",426,2.00734246575342,1065,"""Bevan"""
"""428""",427,2.00734520547945,1110,"""Bevan"""
"""429""",428,2.00735342465753,1155,"""Bevan"""
"""430""",429,2.00735890410959,1200,"""Catania"""
"""431""",430,2.00736164383562,1290,"""Bevan"""
"""432""",431,2.00736438356164,1365,"""Bevan"""
"""433""",432,2.0073698630137,1080,"""Bevan"""
"""434""",433,2.00737260273973,1155,"""Bevan"""
"""435""",434,2.00737260273973,1170,"""Bevan"""
"""436""",435,2.00737260273973,1215,"""Catania"""
"""437""",436,2.00737808219178,990,"""Bevan"""
"""438""",437,2.00738630136986,1365,"""Bevan"""
"""439""",438,2.00739178082192,1305,"""Catania"""
"""440""",439,2.00739452054795,1575,"""Bevan"""
"""441""",440,2.00740547945205,1005,"""Bevan"""
"""442""",441,2.00740821917808,1830,"""Bevan"""
"""443""",442,2.00741369863014,1680,"""Bevan"""
"""444""",443,2.00741643835616,1335,"""Bevan"""
"""445""",444,2.00741643835616,1320,"""Catania"""
"""446""",445,2.00742191780822,1380,"""Murray"""
"""447""",446,2.00742191780822,1350,"""Catania"""
"""448""",447,2.00743835616438,1530,"""Bevan"""
"""449""",448,2.00744109589041,1410,"""Bevan"""
"""450""",449,2.00744109589041,1410,"""Catania"""
"""451""",450,2.00745753424658,225,"""Bevan"""
"""452""",451,2.0074602739726,570,"""Bevan"""
"""453""",452,2.00746575342466,555,"""Bevan"""
"""454""",453,2.00746849315068,510,"""Bevan"""
"""455""",454,2.00747397260274,555,"""Bevan"""
"""456""",455,2.00748219178082,495,"""Bevan"""
"""457""",456,2.00748493150685,465,"""Catania"""
"""458""",457,2.00748493150685,510,"""Cheng"""
"""459""",458,2.00752054794521,570,"""Bevan"""
"""460""",459,2.00752328767123,600,"""Catania"""
"""461""",460,2.00754246575342,345,"""Bevan"""
"""462""",461,2.00756438356164,645,"""Bevan"""
"""463""",462,2.00758630136986,585,"""Bevan"""
"""464""",463,2.00758630136986,585,"""Catania"""
"""465""",464,2.00759178082192,210,"""Catania"""
"""466""",465,2.00759178082192,240,"""Cheng"""
"""467""",466,2.00759178082192,210,"""Bevan"""
"""468""",467,2.00759178082192,240,"""Wood"""
"""469""",468,2.00759452054795,-165,"""Bevan"""
"""470""",469,2.0076,330,"""Bevan"""
"""471""",470,2.00760547945205,510,"""Bevan"""
"""472""",471,2.00761095890411,285,"""Catania"""
"""473""",472,2.00761643835616,285,"""Bevan"""
"""474""",473,2.00761643835616,255,"""Catania"""
"""475""",474,2.00764931506849,-15,"""Bevan"""
"""476""",475,2.00765205479452,-315,"""ESA"""
"""477""",476,2.0076602739726,60,"""Bevan"""
"""478""",477,2.00766575342466,15,"""Bevan"""
"""479""",478,2.00767397260274,180,"""Bevan"""
"""480""",479,2.00767945205479,-30,"""Bevan"""
"""481""",480,2.00767945205479,-15,"""Catania"""
"""482""",481,2.00768219178082,135,"""Bevan"""
"""483""",482,2.00770136986301,90,"""Bevan"""
"""484""",483,2.00770410958904,105,"""Murray"""
"""485""",484,2.00770410958904,-30,"""Bevan"""
"""486""",485,2.00770410958904,90,"""Catania"""
"""487""",486,2.00770410958904,150,"""Fahrner"""
"""488""",487,2.00772876712329,210,"""Catania"""
"""489""",488,2.00774246575342,300,"""Catania"""
"""490""",489,2.00774520547945,435,"""Bevan"""
"""491""",490,2.00774794520548,450,"""Bevan"""
"""492""",491,2.00776164383562,480,"""Bevan"""
"""493""",492,2.0077698630137,540,"""Bevan"""
"""494""",493,2.00779726027397,615,"""Bevan"""
"""495""",494,2.0078301369863,-150,"""Bevan"""
"""496""",495,2.00784109589041,-60,"""Bevan"""
"""497""",496,2.00784931506849,75,"""Bevan"""
"""498""",497,2.00785753424658,75,"""Bevan"""
"""499""",498,2.00786575342466,150,"""Bevan"""
"""500""",499,2.00787397260274,45,"""Bevan"""
"""501""",500,2.00788767123288,300,"""Bevan"""
"""502""",501,2.00789315068493,90,"""Bevan"""
"""503""",502,2.00792602739726,285,"""Bevan"""
"""504""",503,2.00793698630137,480,"""Bevan"""
"""505""",504,2.0079397260274,570,"""Bevan"""
"""506""",505,2.00794520547945,420,"""Bevan"""
"""507""",506,2.00794794520548,480,"""Bevan"""
"""508""",507,2.00795342465753,480,"""Bevan"""
"""509""",508,2.00796164383562,390,"""Bevan"""
"""510""",509,2.0079698630137,540,"""Bevan"""
"""511""",510,2.00798356164384,585,"""Bevan"""
"""512""",511,2.00798904109589,660,"""Bevan"""
"""513""",512,2.00799726027397,615,"""Catania"""
"""514""",513,2.00801639344262,465,"""Bevan"""
"""515""",514,2.0080218579235,495,"""Bevan"""
"""516""",515,2.00802459016393,510,"""Bevan"""
"""517""",516,2.00803278688525,555,"""Bevan"""
"""518""",517,2.00803551912568,735,"""Bevan"""
"""519""",518,2.00804098360656,630,"""Bevan"""
"""520""",519,2.00804371584699,825,"""Bevan"""
"""521""",520,2.00804918032787,585,"""Bevan"""
"""522""",521,2.00806010928962,510,"""Bevan"""
"""523""",522,2.00807650273224,690,"""Bevan"""
"""524""",523,2.00807923497268,1005,"""Bevan"""
"""525""",524,2.00808469945355,750,"""Bevan"""
"""526""",525,2.00808743169399,840,"""Bevan"""
"""527""",526,2.0080956284153,900,"""Bevan"""
"""528""",527,2.00812841530055,585,"""Bevan"""
"""529""",528,2.00813114754098,390,"""Bevan"""
"""530""",529,2.00813661202186,480,"""Bevan"""
"""531""",530,2.0081393442623,195,"""Bevan"""
"""532""",531,2.00814480874317,240,"""Bevan"""
"""533""",532,2.00815573770492,285,"""Bevan"""
"""534""",533,2.00816120218579,285,"""Bevan"""
"""535""",534,2.00816393442623,555,"""Bevan"""
"""536""",535,2.00817213114754,615,"""Bevan"""
"""537""",536,2.00818032786885,690,"""Bevan"""
"""538""",537,2.00818852459016,660,"""Bevan"""
"""539""",538,2.00819398907104,240,"""Moon_Twila"""
"""540""",539,2.00819945355191,645,"""Bevan"""
"""541""",540,2.00820491803279,510,"""Bevan"""
"""542""",541,2.00820765027322,660,"""Bevan"""
"""543""",542,2.00821584699454,435,"""Bevan"""
"""544""",543,2.00822404371585,495,"""Bevan"""
"""545""",544,2.00823224043716,1110,"""Bevan"""
"""546""",545,2.00824043715847,825,"""Bevan"""
"""547""",546,2.00824863387978,525,"""Bevan"""
"""548""",547,2.00825136612022,390,"""Bevan"""
"""549""",548,2.00825683060109,870,"""Bevan"""
"""550""",549,2.00825956284153,780,"""Bevan"""
"""551""",550,2.0082650273224,840,"""Bevan"""
"""552""",551,2.00826775956284,810,"""Bevan"""
"""553""",552,2.00827595628415,870,"""Bevan"""
"""554""",553,2.00827868852459,675,"""Bevan"""
"""555""",554,2.00828415300546,555,"""Bevan"""
"""556""",555,2.00829234972678,810,"""Bevan"""
"""557""",556,2.00829508196721,1080,"""Bevan"""
"""558""",557,2.00830327868852,870,"""Bevan"""
"""559""",558,2.0083087431694,1140,"""Bevan"""
"""560""",559,2.00831147540984,975,"""Bevan"""
"""561""",560,2.00831967213115,1005,"""Bevan"""
"""562""",561,2.00832240437158,960,"""Bevan"""
"""563""",562,2.00832786885246,885,"""Bevan"""
"""564""",563,2.0083306010929,1005,"""Bevan"""
"""565""",564,2.00833606557377,1185,"""Bevan"""
"""566""",565,2.00833606557377,915,"""Bevan"""
"""567""",566,2.00834426229508,1035,"""Bevan"""
"""568""",567,2.00836065573771,825,"""Catania"""
"""569""",568,2.00836338797814,930,"""Bevan"""
"""570""",569,2.00836612021858,1005,"""Bevan"""
"""571""",570,2.00837158469945,495,"""Bevan"""
"""572""",571,2.00837978142077,375,"""Bevan"""
"""573""",572,2.00838524590164,465,"""Cheng"""
"""574""",573,2.00839890710383,480,"""Bevan"""
"""575""",574,2.0084043715847,435,"""Catania"""
"""576""",575,2.0084043715847,465,"""Murray"""
"""577""",576,2.00840710382514,495,"""Bevan"""
"""578""",577,2.00841530054645,585,"""Bevan"""
"""579""",578,2.00841803278689,675,"""Bevan"""
"""580""",579,2.00842349726776,705,"""Bevan"""
"""581""",580,2.00842349726776,540,"""Bevan"""
"""582""",581,2.0084262295082,765,"""Bevan"""
"""583""",582,2.00843169398907,630,"""Bevan"""
"""584""",583,2.00843989071038,345,"""Bevan"""
"""585""",584,2.00844808743169,420,"""Bevan"""
"""586""",585,2.00846174863388,405,"""Bevan"""
"""587""",586,2.00846721311475,435,"""Bevan"""
"""588""",587,2.00846721311475,450,"""Bevan"""
"""589""",588,2.00846721311475,405,"""Catania"""
"""590""",589,2.00847267759563,480,"""Murray"""
"""591""",590,2.00847267759563,480,"""Catania"""
"""592""",591,2.00848633879781,525,"""Catania"""
"""593""",592,2.00849180327869,600,"""Cheng"""
"""594""",593,2.00850273224044,525,"""Bevan"""
"""595""",594,2.00851092896175,375,"""Bevan"""
"""596""",595,2.00851366120219,345,"""Bevan"""
"""597""",596,2.00851639344262,210,"""Catania"""
"""598""",597,2.00851912568306,315,"""Bevan"""
"""599""",598,2.0085218579235,375,"""Bevan"""
"""600""",599,2.00853551912568,240,"""Cheng"""
"""601""",600,2.00853551912568,195,"""Catania"""
"""602""",601,2.00853551912568,300,"""Bevan"""
"""603""",602,2.00855191256831,330,"""Bevan"""
"""604""",603,2.00855464480874,255,"""Bevan"""
"""605""",604,2.00855737704918,420,"""Bevan"""
"""606""",605,2.00856284153005,285,"""Bevan"""
"""607""",606,2.0085737704918,-45,"""Catania"""
"""608""",607,2.00859836065574,630,"""Catania"""
"""609""",608,2.00859836065574,630,"""Catania"""
"""610""",609,2.00859836065574,630,"""Catania"""
"""611""",610,2.00859836065574,630,"""Catania"""
"""612""",611,2.00859836065574,615,"""Catania"""
"""613""",612,2.00859836065574,600,"""Catania"""
"""614""",613,2.00859836065574,585,"""Catania"""
"""615""",614,2.00859836065574,570,"""Catania"""
"""616""",615,2.00859836065574,555,"""Catania"""
"""617""",616,2.00859836065574,555,"""Catania"""
"""618""",617,2.00859836065574,645,"""Catania"""
"""619""",618,2.00859836065574,645,"""Catania"""
"""620""",619,2.00859836065574,660,"""Catania"""
"""621""",620,2.00859836065574,645,"""Catania"""
"""622""",621,2.00859836065574,735,"""Catania"""
"""623""",622,2.00859836065574,720,"""Catania"""
"""624""",623,2.00859836065574,690,"""Catania"""
"""625""",624,2.00859836065574,675,"""Catania"""
"""626""",625,2.00859836065574,660,"""Catania"""
"""627""",626,2.00859836065574,675,"""Catania"""
"""628""",627,2.00859836065574,675,"""Catania"""
"""629""",628,2.00859836065574,660,"""Catania"""
"""630""",629,2.00859836065574,675,"""Catania"""
"""631""",630,2.00859836065574,555,"""Catania"""
"""632""",631,2.00859836065574,645,"""Catania"""
"""633""",632,2.00859836065574,540,"""Catania"""
"""634""",633,2.00859836065574,225,"""Catania"""
"""635""",634,2.00859836065574,525,"""Catania"""
"""636""",635,2.00859836065574,195,"""Catania"""
"""637""",636,2.00859836065574,180,"""Catania"""
"""638""",637,2.00859836065574,165,"""Catania"""
"""639""",638,2.00859836065574,135,"""Catania"""
"""640""",639,2.00859836065574,120,"""Catania"""
"""641""",640,2.00859836065574,120,"""Catania"""
"""642""",641,2.00859836065574,765,"""Catania"""
"""643""",642,2.00859836065574,135,"""Wood"""
"""644""",643,2.00859836065574,255,"""Catania"""
"""645""",644,2.00859836065574,270,"""Catania"""
"""646""",645,2.00859836065574,300,"""Catania"""
"""647""",646,2.00859836065574,345,"""Catania"""
"""648""",647,2.00859836065574,360,"""Catania"""
"""649""",648,2.00859836065574,375,"""Catania"""
"""650""",649,2.00859836065574,375,"""Catania"""
"""651""",650,2.00859836065574,390,"""Catania"""
"""652""",651,2.00859836065574,390,"""Catania"""
"""653""",652,2.00859836065574,405,"""Catania"""
"""654""",653,2.00859836065574,405,"""Catania"""
"""655""",654,2.00859836065574,435,"""Catania"""
"""656""",655,2.00859836065574,435,"""Catania"""
"""657""",656,2.00859836065574,450,"""Catania"""
"""658""",657,2.00859836065574,465,"""Catania"""
"""659""",658,2.00859836065574,480,"""Catania"""
"""660""",659,2.00859836065574,495,"""Catania"""
"""661""",660,2.00859836065574,540,"""Catania"""
"""662""",661,2.00859836065574,780,"""Catania"""
"""663""",662,2.00859836065574,135,"""Catania"""
"""664""",663,2.00859836065574,810,"""Catania"""
"""665""",664,2.00859836065574,990,"""Catania"""
"""666""",665,2.00859836065574,1005,"""Catania"""
"""667""",666,2.00859836065574,1020,"""Catania"""
"""668""",667,2.00859836065574,1035,"""Catania"""
"""669""",668,2.00859836065574,1035,"""Catania"""
"""670""",669,2.00859836065574,1035,"""Catania"""
"""671""",670,2.00859836065574,1035,"""Catania"""
"""672""",671,2.00859836065574,1035,"""Catania"""
"""673""",672,2.00859836065574,1035,"""Catania"""
"""674""",673,2.00859836065574,1035,"""Catania"""
"""675""",674,2.00859836065574,1035,"""Catania"""
"""676""",675,2.00859836065574,1035,"""Catania"""
"""677""",676,2.00859836065574,1035,"""Catania"""
"""678""",677,2.00859836065574,1050,"""Catania"""
"""679""",678,2.00859836065574,1050,"""Catania"""
"""680""",679,2.00859836065574,1065,"""Catania"""
"""681""",680,2.00859836065574,1080,"""Catania"""
"""682""",681,2.00859836065574,1095,"""Catania"""
"""683""",682,2.00859836065574,1095,"""Catania"""
"""684""",683,2.00859836065574,135,"""PROMICE"""
"""685""",684,2.00859836065574,105,"""Bevan"""
"""686""",685,2.00859836065574,975,"""Catania"""
"""687""",686,2.00859836065574,960,"""Catania"""
"""688""",687,2.00859836065574,795,"""Catania"""
"""689""",688,2.00859836065574,945,"""Catania"""
"""690""",689,2.00859836065574,825,"""Catania"""
"""691""",690,2.00859836065574,825,"""Catania"""
"""692""",691,2.00859836065574,825,"""Catania"""
"""693""",692,2.00859836065574,825,"""Catania"""
"""694""",693,2.00859836065574,825,"""Catania"""
"""695""",694,2.00859836065574,825,"""Catania"""
"""696""",695,2.00859836065574,840,"""Catania"""
"""697""",696,2.00859836065574,840,"""Catania"""
"""698""",697,2.00859836065574,855,"""Catania"""
"""699""",698,2.00859836065574,870,"""Catania"""
"""700""",699,2.00859836065574,945,"""Catania"""
"""701""",700,2.00859836065574,885,"""Catania"""
"""702""",701,2.00859836065574,945,"""Catania"""
"""703""",702,2.00859836065574,930,"""Catania"""
"""704""",703,2.00859836065574,930,"""Catania"""
"""705""",704,2.00859836065574,930,"""Catania"""
"""706""",705,2.00859836065574,870,"""Catania"""
"""707""",706,2.00859836065574,915,"""Catania"""
"""708""",707,2.00859836065574,915,"""Catania"""
"""709""",708,2.00859836065574,900,"""Catania"""
"""710""",709,2.00859836065574,900,"""Catania"""
"""711""",710,2.00859836065574,930,"""Catania"""
"""712""",711,2.00860928961749,0,"""ESA"""
"""713""",712,2.00862295081967,225,"""Catania"""
"""714""",713,2.00864207650273,300,"""Bevan"""
"""715""",714,2.00864207650273,315,"""Catania"""
"""716""",715,2.00866666666667,390,"""Catania"""
"""717""",716,2.00871038251366,585,"""Catania"""
"""718""",717,2.00871038251366,630,"""Fahrner"""
"""719""",718,2.00871857923497,405,"""Murray"""
"""720""",719,2.00904657534247,-330,"""Moon_Twila"""
"""721""",720,2.00907945205479,-345,"""Catania"""
"""722""",721,2.00907945205479,-345,"""Catania"""
"""723""",722,2.0091095890411,-210,"""Catania"""
"""724""",723,2.0091095890411,-210,"""Catania"""
"""725""",724,2.00932054794521,75,"""Catania"""
"""726""",725,2.00932054794521,75,"""Catania"""
"""727""",726,2.00934246575342,150,"""Catania"""
"""728""",727,2.00934246575342,180,"""Bevan"""
"""729""",728,2.00935068493151,195,"""Catania"""
"""730""",729,2.00935068493151,195,"""Catania"""
"""731""",730,2.00938630136986,360,"""Bevan"""
"""732""",731,2.00939178082192,540,"""Murray"""
"""733""",732,2.00945479452055,735,"""Cheng"""
"""734""",733,2.00945479452055,660,"""Catania"""
"""735""",734,2.0094602739726,630,"""Catania"""
"""736""",735,2.00947945205479,750,"""Catania"""
"""737""",736,2.00950136986301,900,"""Catania"""
"""738""",737,2.00950136986301,900,"""Catania"""
"""739""",738,2.00951780821918,900,"""Bevan"""
"""740""",739,2.00951780821918,900,"""Catania"""
"""741""",740,2.00952328767123,510,"""Cheng"""
"""742""",741,2.00952328767123,780,"""Catania"""
"""743""",742,2.00953150684931,375,"""Catania"""
"""744""",743,2.00953150684931,375,"""Catania"""
"""745""",744,2.00953698630137,405,"""Catania"""
"""746""",745,2.00954246575342,435,"""Catania"""
"""747""",746,2.00954246575342,465,"""Murray"""
"""748""",747,2.00956164383562,525,"""Bevan"""
"""749""",748,2.00957534246575,570,"""ESA"""
"""750""",749,2.00961095890411,0,"""Catania"""
"""751""",750,2.00961095890411,-15,"""Wood"""
"""752""",751,2.00964931506849,-180,"""Catania"""
"""753""",752,2.00964931506849,-180,"""Bevan"""
"""754""",753,2.00965205479452,-195,"""Catania"""
"""755""",754,2.00965205479452,-195,"""Catania"""
"""756""",755,2.00969863013699,120,"""Catania"""
"""757""",756,2.00971232876712,-345,"""Catania"""
"""758""",757,2.00971232876712,-345,"""Catania"""
"""759""",758,2.00973698630137,-135,"""Catania"""
"""760""",759,2.00973698630137,-150,"""Fahrner"""
"""761""",760,2.00973698630137,-150,"""PROMICE"""
"""762""",761,2.00983287671233,-240,"""Catania"""
"""763""",762,2.00983287671233,-360,"""Catania"""
"""764""",763,2.00986301369863,-105,"""Catania"""
"""765""",764,2.00986301369863,-225,"""Catania"""
"""766""",765,2.01024383561644,480,"""Black_Taryn"""
"""767""",766,2.01024383561644,420,"""Catania"""
"""768""",767,2.01026849315068,570,"""Murray"""
"""769""",768,2.01026849315068,525,"""Catania"""
"""770""",769,2.01030684931507,-75,"""Catania"""
"""771""",770,2.01031232876712,-45,"""Catania"""
"""772""",771,2.01031506849315,-15,"""Catania"""
"""773""",772,2.01031506849315,-15,"""Catania"""
"""774""",773,2.01034520547945,120,"""Catania"""
"""775""",774,2.01034520547945,120,"""Catania"""
"""776""",775,2.0103698630137,225,"""Howat"""
"""777""",776,2.0103698630137,240,"""Cheng"""
"""778""",777,2.0103698630137,210,"""Catania"""
"""779""",778,2.01037534246575,255,"""Cheng"""
"""780""",779,2.01037534246575,210,"""Catania"""
"""781""",780,2.01037534246575,225,"""Howat"""
"""782""",781,2.01039452054794,315,"""Catania"""
"""783""",782,2.01044383561644,555,"""Catania"""
"""784""",783,2.01045753424658,-195,"""Catania"""
"""785""",784,2.01045753424658,-120,"""Howat"""
"""786""",785,2.01048219178082,-75,"""Catania"""
"""787""",786,2.01049589041096,-60,"""Catania"""
"""788""",787,2.01049589041096,-135,"""Catania"""
"""789""",788,2.01050136986301,30,"""Catania"""
"""790""",789,2.01050136986301,75,"""Cheng"""
"""791""",790,2.01050684931507,0,"""Catania"""
"""792""",791,2.01050684931507,15,"""Bevan"""
"""793""",792,2.01052328767123,165,"""Carr"""
"""794""",793,2.01052602739726,180,"""Catania"""
"""795""",794,2.01061369863014,375,"""Catania"""
"""796""",795,2.01061917808219,465,"""Wood"""
"""797""",796,2.01061917808219,495,"""Catania"""
"""798""",797,2.01061917808219,450,"""Murray"""
"""799""",798,2.0106301369863,-465,"""ESA"""
"""800""",799,2.01063287671233,-315,"""Wood"""
"""801""",800,2.01063287671233,-300,"""PROMICE"""
"""802""",801,2.01063287671233,-315,"""Catania"""
"""803""",802,2.01064657534247,-315,"""Catania"""
"""804""",803,2.01064657534247,-360,"""Catania"""
"""805""",804,2.01067671232877,-180,"""Catania"""
"""806""",805,2.01067671232877,-180,"""Catania"""
"""807""",806,2.01070684931507,45,"""Murray"""
"""808""",807,2.01088767123288,-150,"""Catania"""
"""809""",808,2.01088767123288,-225,"""Catania"""
"""810""",809,2.01091780821918,-15,"""Catania"""
"""811""",810,2.01091780821918,-15,"""Catania"""
"""812""",811,2.01125205479452,-15,"""Black_Taryn"""
"""813""",812,2.01125205479452,-45,"""Catania"""
"""814""",813,2.01127671232877,105,"""Catania"""
"""815""",814,2.01129589041096,165,"""Catania"""
"""816""",815,2.0113095890411,255,"""Catania"""
"""817""",816,2.0113095890411,255,"""Catania"""
"""818""",817,2.0113397260274,390,"""Catania"""
"""819""",818,2.0113397260274,390,"""Catania"""
"""820""",819,2.01138356164384,-120,"""Catania"""
"""821""",820,2.01138356164384,-120,"""Bevan"""
"""822""",821,2.01140273972603,-60,"""Catania"""
"""823""",822,2.01140273972603,-15,"""Cheng"""
"""824""",823,2.01140821917808,-30,"""Catania"""
"""825""",824,2.01142739726027,45,"""Bevan"""
"""826""",825,2.01142739726027,45,"""Catania"""
"""827""",826,2.01144657534247,135,"""Catania"""
"""828""",827,2.01145205479452,195,"""Cheng"""
"""829""",828,2.01146575342466,210,"""Catania"""
"""830""",829,2.01149589041096,360,"""Catania"""
"""831""",830,2.01151506849315,465,"""Catania"""
"""832""",831,2.01155342465753,-180,"""Catania"""
"""833""",832,2.01158356164384,-60,"""Catania"""
"""834""",833,2.01162739726027,135,"""Catania"""
"""835""",834,2.01164109589041,210,"""Catania"""
"""836""",835,2.01164109589041,210,"""Catania"""
"""837""",836,2.01164657534247,345,"""ESA"""
"""838""",837,2.01164657534247,285,"""Catania"""
"""839""",838,2.01164931506849,-120,"""Catania"""
"""840""",839,2.01170136986301,-330,"""Catania"""
"""841""",840,2.01170136986301,-390,"""Catania"""
"""842""",841,2.01173424657534,-90,"""Cheng"""
"""843""",842,2.01173424657534,-120,"""Wood"""
"""844""",843,2.01173424657534,-105,"""PROMICE"""
"""845""",844,2.01173424657534,-120,"""Catania"""
"""846""",845,2.01188219178082,-15,"""Catania"""
"""847""",846,2.01188219178082,-90,"""Catania"""
"""848""",847,2.01212295081967,285,"""Catania"""
"""849""",848,2.01212295081967,285,"""Catania"""
"""850""",849,2.01215300546448,435,"""Catania"""
"""851""",850,2.01215300546448,435,"""Catania"""
"""852""",851,2.01224043715847,525,"""Catania"""
"""853""",852,2.01224043715847,585,"""Black_Taryn"""
"""854""",853,2.01230327868852,885,"""Catania"""
"""855""",854,2.01230327868852,885,"""Catania"""
"""856""",855,2.01232240437158,900,"""Catania"""
"""857""",856,2.01233333333333,1005,"""Catania"""
"""858""",857,2.01233333333333,1005,"""Catania"""
"""859""",858,2.01238524590164,30,"""Catania"""
"""860""",859,2.01240983606557,165,"""Catania"""
"""861""",860,2.01241530054645,210,"""Catania"""
"""862""",861,2.01247267759563,420,"""Catania"""
"""863""",862,2.01251366120219,345,"""Catania"""
"""864""",863,2.01251366120219,345,"""Catania"""
"""865""",864,2.01251639344262,345,"""Catania"""
"""866""",865,2.01251639344262,435,"""Cheng"""
"""867""",866,2.01251639344262,345,"""Catania"""
"""868""",867,2.01254098360656,510,"""Catania"""
"""869""",868,2.01254371584699,-75,"""Catania"""
"""870""",869,2.01254371584699,-75,"""Catania"""
"""871""",870,2.01256010928962,-255,"""Catania"""
"""872""",871,2.01256557377049,-225,"""Catania"""
"""873""",872,2.01258469945355,-135,"""Wood"""
"""874""",873,2.01258469945355,-165,"""Catania"""
"""875""",874,2.01258469945355,-165,"""Catania"""
"""876""",875,2.01263387978142,-75,"""Catania"""
"""877""",876,2.01265300546448,-60,"""ESA"""
"""878""",877,2.01265300546448,-60,"""Cheng"""
"""879""",878,2.01265300546448,-15,"""Catania"""
"""880""",879,2.01266393442623,-150,"""Catania"""
"""881""",880,2.01266393442623,-150,"""Catania"""
"""882""",881,2.0126912568306,15,"""Catania"""
"""883""",882,2.01269398907104,0,"""Catania"""
"""884""",883,2.01269398907104,0,"""Catania"""
"""885""",884,2.0127349726776,-345,"""Catania"""
"""886""",885,2.01287431693989,-330,"""Catania"""
"""887""",886,2.01287431693989,-330,"""Catania"""
"""888""",887,2.0129043715847,-240,"""Catania"""
"""889""",888,2.0129043715847,-240,"""Catania"""
"""890""",889,2.01308493150685,-150,"""Catania"""
"""891""",890,2.01308493150685,-150,"""Catania"""
"""892""",891,2.01311506849315,15,"""Catania"""
"""893""",892,2.01311506849315,15,"""Catania"""
"""894""",893,2.01312054794521,-90,"""Moon_Twila"""
"""895""",894,2.01322191780822,480,"""Catania"""
"""896""",895,2.01324109589041,570,"""Catania"""
"""897""",896,2.01325479452055,270,"""Catania"""
"""898""",897,2.01326849315068,330,"""Catania"""
"""899""",898,2.0132904109589,-255,"""Catania"""
"""900""",899,2.0133095890411,-210,"""Catania"""
"""901""",900,2.01332602739726,-135,"""Catania"""
"""902""",901,2.01332602739726,-135,"""Catania"""
"""903""",902,2.01335616438356,-15,"""Catania"""
"""904""",903,2.01335616438356,-15,"""Catania"""
"""905""",904,2.0133698630137,90,"""Catania"""
"""906""",905,2.01337534246575,90,"""Catania"""
"""907""",906,2.01339452054795,60,"""Catania"""
"""908""",907,2.0134,105,"""Catania"""
"""909""",908,2.01340547945205,120,"""Catania"""
"""910""",909,2.01343561643836,255,"""Catania"""
"""911""",910,2.01344383561644,285,"""Catania"""
"""912""",911,2.01348493150685,465,"""Catania"""
"""913""",912,2.0135095890411,525,"""Catania"""
"""914""",913,2.01352328767123,630,"""Catania"""
"""915""",914,2.01353424657534,765,"""Catania"""
"""916""",915,2.01353698630137,705,"""Catania"""
"""917""",916,2.01353698630137,705,"""Catania"""
"""918""",917,2.01354794520548,810,"""Wood"""
"""919""",918,2.01354794520548,705,"""Catania"""
"""920""",919,2.01356712328767,-60,"""Catania"""
"""921""",920,2.01356712328767,-60,"""Catania"""
"""922""",921,2.01361095890411,15,"""Catania"""
"""923""",922,2.01361095890411,15,"""Catania"""
"""924""",923,2.01361095890411,0,"""PROMICE"""
"""925""",924,2.01363287671233,105,"""Catania"""
"""926""",925,2.01363835616438,135,"""Catania"""
"""927""",926,2.01364109589041,180,"""Cheng"""
"""928""",927,2.0136602739726,225,"""Catania"""
"""929""",928,2.01370136986301,390,"""Catania"""
"""930""",929,2.01370136986301,405,"""Fahrner"""
"""931""",930,2.01370684931507,435,"""ESA"""
"""932""",931,2.01370684931507,435,"""Catania"""
"""933""",932,2.01372054794521,480,"""Catania"""
"""934""",933,2.01374246575342,555,"""Catania"""
"""935""",934,2.01374520547945,330,"""Catania"""
"""936""",935,2.01375068493151,345,"""Catania"""
"""937""",936,2.01376438356164,405,"""Catania"""
"""938""",937,2.01381369863014,-90,"""Catania"""
"""939""",938,2.01383835616438,-30,"""Catania"""
"""940""",939,2.01383835616438,-30,"""Catania"""
"""941""",940,2.01386849315069,45,"""Catania"""
"""942""",941,2.01386849315069,45,"""Catania"""
"""943""",942,2.01392876712329,270,"""Catania"""
"""944""",943,2.01395890410959,375,"""Catania"""
"""945""",944,2.01398904109589,525,"""Catania"""
"""946""",945,2.01401917808219,90,"""Catania"""
"""947""",946,2.01401917808219,90,"""Catania"""
"""948""",947,2.01404931506849,210,"""Catania"""
"""949""",948,2.01404931506849,210,"""Catania"""
"""950""",949,2.01407945205479,330,"""Catania"""
"""951""",950,2.01407945205479,330,"""Catania"""
"""952""",951,2.01412054794521,540,"""Black_Taryn"""
"""953""",952,2.01412054794521,525,"""Catania"""
"""954""",953,2.01414520547945,615,"""Catania"""
"""955""",954,2.01416438356164,555,"""Catania"""
"""956""",955,2.01418356164384,540,"""Catania"""
"""957""",956,2.01418904109589,570,"""Catania"""
"""958""",957,2.01420821917808,645,"""Catania"""
"""959""",958,2.01423287671233,750,"""Catania"""
"""960""",959,2.01425205479452,795,"""Catania"""
"""961""",960,2.01427123287671,885,"""Catania"""
"""962""",961,2.01427671232877,540,"""Catania"""
"""963""",962,2.01427671232877,570,"""Cheng"""
"""964""",963,2.01429589041096,600,"""Catania"""
"""965""",964,2.01432054794521,765,"""Catania"""
"""966""",965,2.01432054794521,765,"""Catania"""
"""967""",966,2.01433424657534,750,"""Catania"""
"""968""",967,2.01440273972603,495,"""Catania"""
"""969""",968,2.01440821917808,540,"""Catania"""
"""970""",969,2.01441369863014,540,"""Catania"""
"""971""",970,2.01444657534247,690,"""Catania"""
"""972""",971,2.01445205479452,735,"""Catania"""
"""973""",972,2.01445753424658,690,"""Catania"""
"""974""",973,2.01446575342466,300,"""Catania"""
"""975""",974,2.01449589041096,465,"""Catania"""
"""976""",975,2.01450136986301,435,"""Catania"""
"""977""",976,2.01450136986301,435,"""Catania"""
"""978""",977,2.01451506849315,555,"""Catania"""
"""979""",978,2.01452054794521,540,"""Catania"""
"""980""",979,2.01452328767123,585,"""Catania"""
"""981""",980,2.01454520547945,630,"""Catania"""
"""982""",981,2.01455342465753,735,"""Catania"""
"""983""",982,2.01456164383562,780,"""Catania"""
"""984""",983,2.01456164383562,780,"""Catania"""
"""985""",984,2.01456438356164,750,"""Catania"""
"""986""",985,2.01456712328767,525,"""Catania"""
"""987""",986,2.01458356164384,345,"""Catania"""
"""988""",987,2.01458356164384,330,"""Wood"""
"""989""",988,2.01458904109589,315,"""Catania"""
"""990""",989,2.01459178082192,-195,"""Catania"""
"""991""",990,2.01459178082192,-195,"""Catania"""
"""992""",991,2.01459726027397,-150,"""ESA"""
"""993""",992,2.01459726027397,-195,"""Catania"""
"""994""",993,2.01462191780822,-120,"""Catania"""
"""995""",994,2.01462191780822,-120,"""Catania"""
"""996""",995,2.01464657534247,30,"""Catania"""
"""997""",996,2.01465205479452,15,"""Catania"""
"""998""",997,2.01465205479452,15,"""Catania"""
"""999""",998,2.01466575342466,60,"""Catania"""
"""1000""",999,2.01468219178082,120,"""Catania"""
"""1001""",1000,2.01468219178082,120,"""Catania"""
"""1002""",1001,2.0146904109589,45,"""ESA"""
"""1003""",1002,2.0147095890411,60,"""Catania"""
"""1004""",1003,2.0147095890411,75,"""Fahrner"""
"""1005""",1004,2.01471232876712,60,"""Catania"""
"""1006""",1005,2.01471232876712,60,"""Catania"""
"""1007""",1006,2.01475068493151,225,"""Catania"""
"""1008""",1007,2.01480273972603,-105,"""Catania"""
"""1009""",1008,2.01480821917808,-90,"""ESA"""
"""1010""",1009,2.01482191780822,-30,"""Catania"""
"""1011""",1010,2.01510410958904,285,"""Black_Taryn"""
"""1012""",1011,2.01512876712329,375,"""Catania"""
"""1013""",1012,2.01515342465753,480,"""Catania"""
"""1014""",1013,2.01519178082192,180,"""Catania"""
"""1015""",1014,2.01521095890411,285,"""Catania"""
"""1016""",1015,2.01524109589041,180,"""Catania"""
"""1017""",1016,2.01525479452055,225,"""Catania"""
"""1018""",1017,2.01530410958904,420,"""Catania"""
"""1019""",1018,2.01532876712329,300,"""Cheng"""
"""1020""",1019,2.01532876712329,240,"""Catania"""
"""1021""",1020,2.01534246575342,285,"""Catania"""
"""1022""",1021,2.01536712328767,435,"""Catania"""
"""1023""",1022,2.01539178082192,495,"""Catania"""
"""1024""",1023,2.01541095890411,630,"""Cheng"""
"""1025""",1024,2.01541643835616,630,"""Catania"""
"""1026""",1025,2.0154301369863,-30,"""Catania"""
"""1027""",1026,2.0154602739726,135,"""Catania"""
"""1028""",1027,2.01547945205479,195,"""Catania"""
"""1029""",1028,2.01550410958904,315,"""Catania"""
"""1030""",1029,2.01552328767123,285,"""Catania"""
"""1031""",1030,2.01554794520548,390,"""Catania"""
"""1032""",1031,2.01556712328767,465,"""Catania"""
"""1033""",1032,2.01559178082192,600,"""Catania"""
"""1034""",1033,2.01559178082192,615,"""Wood"""
"""1035""",1034,2.01563561643836,-30,"""Catania"""
"""1036""",1035,2.01567945205479,30,"""Catania"""
"""1037""",1036,2.01569315068493,-375,"""PROMICE"""
"""1038""",1037,2.01569863013699,-375,"""Catania"""
"""1039""",1038,2.01569863013699,-315,"""Fahrner"""
"""1040""",1039,2.01572328767123,-345,"""Catania"""
"""1041""",1040,2.01572876712329,-300,"""ESA"""
"""1042""",1041,2.0157397260274,-195,"""Fahrner"""
"""1043""",1042,2.01574246575342,-180,"""Catania"""
"""1044""",1043,2.01576712328767,-225,"""Catania"""
"""1045""",1044,2.01609016393443,-330,"""Black_Taryn"""
"""1046""",1045,2.01613661202186,-165,"""Catania"""
"""1047""",1046,2.01616120218579,-45,"""Catania"""
"""1048""",1047,2.01618032786885,30,"""Catania"""
"""1049""",1048,2.01621857923497,180,"""Catania"""
"""1050""",1049,2.01624316939891,315,"""Catania"""
"""1051""",1050,2.01626229508197,360,"""Catania"""
"""1052""",1051,2.01629234972678,525,"""Catania"""
"""1053""",1052,2.01633606557377,195,"""Catania"""
"""1054""",1053,2.01639344262295,450,"""Catania"""
"""1055""",1054,2.01640710382514,480,"""Catania"""
"""1056""",1055,2.01642896174863,555,"""Catania"""
"""1057""",1056,2.01644262295082,465,"""Catania"""
"""1058""",1057,2.01646721311475,510,"""Catania"""
"""1059""",1058,2.01650546448087,555,"""Catania"""
"""1060""",1059,2.01651639344262,600,"""Catania"""
"""1061""",1060,2.01652459016393,-165,"""Cheng"""
"""1062""",1061,2.01652459016393,-165,"""Wood"""
"""1063""",1062,2.01653005464481,-180,"""Catania"""
"""1064""",1063,2.01656010928962,-210,"""Catania"""
"""1065""",1064,2.01657923497268,-165,"""Catania"""
"""1066""",1065,2.01660382513661,-270,"""Catania"""
"""1067""",1066,2.01661202185792,-750,"""PROMICE"""
"""1068""",1067,2.0166174863388,-735,"""Catania"""
"""1069""",1068,2.01666120218579,-510,"""Catania"""
"""1070""",1069,2.01669945355191,-285,"""Fahrner"""
"""1071""",1070,2.01670491803279,-405,"""Catania"""
"""1072""",1071,2.0167131147541,-330,"""Fahrner"""
"""1073""",1072,2.01674590163934,-630,"""ESA"""
"""1074""",1073,2.01681147540984,-315,"""Catania"""
"""1075""",1074,2.0170904109589,-240,"""Black_Taryn"""
"""1076""",1075,2.01727397260274,-90,"""Cheng"""
"""1077""",1076,2.01760547945206,-390,"""PROMICE"""
"""1078""",1077,2.01764931506849,-165,"""Cheng"""
"""1079""",1078,2.01771232876712,90,"""Fahrner"""
"""1080""",1079,2.01772328767123,195,"""Fahrner"""
"""1081""",1080,2.01778082191781,-345,"""Helene"""
"""1082""",1081,2.01815890410959,165,"""Black_Taryn"""
"""1083""",1082,2.01832602739726,690,"""Cheng"""
"""1084""",1083,2.01861369863014,240,"""Wood"""
"""1085""",1084,2.01912876712329,210,"""Black_Taryn"""
"""1086""",1085,2.01920273972603,495,"""Wood"""
"""1087""",1086,2.01935342465753,450,"""Cheng"""
"""1088""",1087,2.02009836065574,435,"""Black_Taryn"""
